id,description,author,link,type,title,publisher,publication_date,genre,page_count,budget,ISBN
143,Pre-emptive mobile forecast,Henrik Niccolls,http://engadget.com/nulla/integer.json?semper=sapien&est=cum&quam=sociis&pharetra=natoque&magna=penatibus&ac=et&consequat=magnis&metus=dis&sapien=parturient&ut=montes&nunc=nascetur&vestibulum=ridiculus&ante=mus&ipsum=etiam&primis=vel&in=augue&faucibus=vestibulum&orci=rutrum&luctus=rutrum&et=neque&ultrices=aenean&posuere=auctor&cubilia=gravida&curae=sem&mauris=praesent&viverra=id&diam=massa&vitae=id&quam=nisl&suspendisse=venenatis&potenti=lacinia&nullam=aenean&porttitor=sit&lacus=amet,short story,Les Miserables,HarperCollins,8/9/2010,Drama,453,1981,109138612-9
14,Public-key tertiary extranet,Drusilla McGeneay,https://photobucket.com/ipsum/dolor/sit/amet.jpg?sem=nullam&mauris=molestie&laoreet=nibh&ut=in&rhoncus=lectus&aliquet=pellentesque&pulvinar=at&sed=nulla&nisl=suspendisse&nunc=potenti&rhoncus=cras&dui=in&vel=purus&sem=eu&sed=magna&sagittis=vulputate,book,Jane Eyre,Hachette Book Group,7/4/2014,Crime|Thriller,1453,5075,912808516-7
128,Total logistical parallelism,Agneta Whaley,https://wiley.com/id/justo/sit.js?penatibus=mauris&et=eget&magnis=massa&dis=tempor&parturient=convallis&montes=nulla&nascetur=neque&ridiculus=libero&mus=convallis&vivamus=eget&vestibulum=eleifend&sagittis=luctus&sapien=ultricies&cum=eu&sociis=nibh&natoque=quisque&penatibus=id&et=justo&magnis=sit&dis=amet&parturient=sapien&montes=dignissim&nascetur=vestibulum&ridiculus=vestibulum&mus=ante&etiam=ipsum&vel=primis&augue=in&vestibulum=faucibus&rutrum=orci&rutrum=luctus&neque=et&aenean=ultrices&auctor=posuere&gravida=cubilia&sem=curae&praesent=nulla&id=dapibus&massa=dolor&id=vel&nisl=est&venenatis=donec&lacinia=odio&aenean=justo&sit=sollicitudin&amet=ut&justo=suscipit&morbi=a&ut=feugiat&odio=et&cras=eros&mi=vestibulum&pede=ac&malesuada=est&in=lacinia&imperdiet=nisi&et=venenatis&commodo=tristique&vulputate=fusce&justo=congue&in=diam&blandit=id&ultrices=ornare&enim=imperdiet&lorem=sapien&ipsum=urna&dolor=pretium&sit=nisl&amet=ut&consectetuer=volutpat&adipiscing=sapien&elit=arcu&proin=sed&interdum=augue&mauris=aliquam&non=erat&ligula=volutpat&pellentesque=in&ultrices=congue&phasellus=etiam&id=justo&sapien=etiam&in=pretium&sapien=iaculis&iaculis=justo&congue=in&vivamus=hac&metus=habitasse&arcu=platea&adipiscing=dictumst&molestie=etiam&hendrerit=faucibus&at=cursus&vulputate=urna&vitae=ut&nisl=tellus&aenean=nulla&lectus=ut&pellentesque=erat&eget=id,book,Catch-22,Simon & Schuster,5/28/1998,Thriller,1006,12060,822621989-2
95,Centralized executive solution,Ring Brinson,http://guardian.co.uk/ipsum/aliquam/non/mauris/morbi/non.png?lectus=porttitor&in=pede&est=justo&risus=eu&auctor=massa&sed=donec&tristique=dapibus&in=duis&tempus=at&sit=velit&amet=eu&sem=est&fusce=congue&consequat=elementum&nulla=in&nisl=hac&nunc=habitasse&nisl=platea&duis=dictumst&bibendum=morbi&felis=vestibulum&sed=velit&interdum=id&venenatis=pretium&turpis=iaculis&enim=diam&blandit=erat&mi=fermentum&in=justo&porttitor=nec&pede=condimentum&justo=neque&eu=sapien&massa=placerat&donec=ante&dapibus=nulla&duis=justo&at=aliquam&velit=quis&eu=turpis&est=eget&congue=elit&elementum=sodales&in=scelerisque&hac=mauris&habitasse=sit&platea=amet&dictumst=eros&morbi=suspendisse&vestibulum=accumsan&velit=tortor&id=quis&pretium=turpis&iaculis=sed&diam=ante&erat=vivamus&fermentum=tortor&justo=duis&nec=mattis&condimentum=egestas&neque=metus&sapien=aenean&placerat=fermentum&ante=donec&nulla=ut&justo=mauris&aliquam=eget&quis=massa&turpis=tempor&eget=convallis&elit=nulla&sodales=neque&scelerisque=libero&mauris=convallis&sit=eget&amet=eleifend&eros=luctus&suspendisse=ultricies&accumsan=eu&tortor=nibh&quis=quisque&turpis=id,article,The Picture of Dorian Gray,Macmillan,11/19/2008,Film-Noir,984,11791,405764808-9
126,Persistent stable capability,Clarette Mackriell,http://yahoo.com/duis/ac/nibh/fusce/lacus/purus.jpg?mauris=erat&viverra=fermentum&diam=justo&vitae=nec&quam=condimentum&suspendisse=neque&potenti=sapien&nullam=placerat&porttitor=ante&lacus=nulla&at=justo&turpis=aliquam&donec=quis&posuere=turpis&metus=eget&vitae=elit&ipsum=sodales&aliquam=scelerisque&non=mauris&mauris=sit&morbi=amet&non=eros&lectus=suspendisse&aliquam=accumsan&sit=tortor&amet=quis&diam=turpis&in=sed&magna=ante&bibendum=vivamus&imperdiet=tortor&nullam=duis&orci=mattis&pede=egestas&venenatis=metus&non=aenean&sodales=fermentum&sed=donec&tincidunt=ut&eu=mauris&felis=eget&fusce=massa&posuere=tempor&felis=convallis&sed=nulla&lacus=neque&morbi=libero&sem=convallis&mauris=eget&laoreet=eleifend&ut=luctus&rhoncus=ultricies&aliquet=eu&pulvinar=nibh,short story,The Handmaid's Tale,Simon & Schuster,9/13/2006,Drama,715,6225,038719293-X
85,Visionary asymmetric algorithm,Hewet Teissier,http://fc2.com/magna/vestibulum.html?curabitur=eget&gravida=elit&nisi=sodales&at=scelerisque&nibh=mauris&in=sit&hac=amet&habitasse=eros&platea=suspendisse&dictumst=accumsan&aliquam=tortor&augue=quis&quam=turpis&sollicitudin=sed&vitae=ante&consectetuer=vivamus&eget=tortor&rutrum=duis&at=mattis&lorem=egestas,book,The Color Purple,Simon & Schuster,8/13/2023,Comedy,1252,6510,926445278-8
31,Adaptive eco-centric throughput,Walt Coyett,http://amazon.com/erat/curabitur/gravida/nisi/at/nibh.png?porta=non&volutpat=pretium&erat=quis&quisque=lectus&erat=suspendisse&eros=potenti&viverra=in&eget=eleifend&congue=quam&eget=a&semper=odio&rutrum=in&nulla=hac&nunc=habitasse&purus=platea&phasellus=dictumst&in=maecenas&felis=ut&donec=massa&semper=quis&sapien=augue&a=luctus&libero=tincidunt&nam=nulla&dui=mollis&proin=molestie&leo=lorem&odio=quisque&porttitor=ut&id=erat&consequat=curabitur&in=gravida&consequat=nisi&ut=at&nulla=nibh&sed=in&accumsan=hac&felis=habitasse&ut=platea&at=dictumst&dolor=aliquam&quis=augue&odio=quam&consequat=sollicitudin&varius=vitae&integer=consectetuer&ac=eget&leo=rutrum&pellentesque=at&ultrices=lorem&mattis=integer&odio=tincidunt&donec=ante&vitae=vel&nisi=ipsum&nam=praesent&ultrices=blandit&libero=lacinia&non=erat&mattis=vestibulum&pulvinar=sed&nulla=magna&pede=at&ullamcorper=nunc&augue=commodo&a=placerat&suscipit=praesent&nulla=blandit&elit=nam&ac=nulla&nulla=integer&sed=pede,poem,Slaughterhouse-Five,Simon & Schuster,4/29/1995,Crime|Drama,278,13497,734578192-5
90,Visionary stable attitude,Ennis Kilban,http://rediff.com/metus.aspx?nulla=amet&sed=cursus&accumsan=id&felis=turpis&ut=integer&at=aliquet&dolor=massa&quis=id&odio=lobortis&consequat=convallis&varius=tortor&integer=risus&ac=dapibus&leo=augue&pellentesque=vel&ultrices=accumsan&mattis=tellus&odio=nisi&donec=eu&vitae=orci&nisi=mauris&nam=lacinia&ultrices=sapien&libero=quis&non=libero&mattis=nullam&pulvinar=sit&nulla=amet&pede=turpis&ullamcorper=elementum&augue=ligula&a=vehicula&suscipit=consequat&nulla=morbi&elit=a&ac=ipsum&nulla=integer&sed=a&vel=nibh&enim=in&sit=quis&amet=justo&nunc=maecenas&viverra=rhoncus&dapibus=aliquam&nulla=lacus&suscipit=morbi&ligula=quis&in=tortor&lacus=id&curabitur=nulla&at=ultrices&ipsum=aliquet&ac=maecenas&tellus=leo,novel,The Handmaid's Tale,Penguin Random House,9/18/1991,Documentary,1274,14340,795878946-7
24,Horizontal optimizing artificial intelligence,Jaclin Parysowna,http://reddit.com/lorem.js?suspendisse=ornare&accumsan=consequat&tortor=lectus&quis=in&turpis=est&sed=risus&ante=auctor&vivamus=sed&tortor=tristique&duis=in&mattis=tempus&egestas=sit&metus=amet&aenean=sem&fermentum=fusce&donec=consequat&ut=nulla&mauris=nisl&eget=nunc&massa=nisl&tempor=duis&convallis=bibendum&nulla=felis&neque=sed&libero=interdum&convallis=venenatis&eget=turpis&eleifend=enim&luctus=blandit&ultricies=mi&eu=in&nibh=porttitor&quisque=pede&id=justo&justo=eu&sit=massa&amet=donec&sapien=dapibus&dignissim=duis&vestibulum=at&vestibulum=velit&ante=eu&ipsum=est&primis=congue&in=elementum&faucibus=in&orci=hac&luctus=habitasse&et=platea&ultrices=dictumst&posuere=morbi&cubilia=vestibulum&curae=velit&nulla=id&dapibus=pretium&dolor=iaculis&vel=diam&est=erat&donec=fermentum&odio=justo&justo=nec&sollicitudin=condimentum&ut=neque&suscipit=sapien&a=placerat&feugiat=ante&et=nulla&eros=justo&vestibulum=aliquam&ac=quis&est=turpis&lacinia=eget&nisi=elit&venenatis=sodales&tristique=scelerisque&fusce=mauris&congue=sit&diam=amet&id=eros&ornare=suspendisse&imperdiet=accumsan&sapien=tortor&urna=quis&pretium=turpis&nisl=sed&ut=ante&volutpat=vivamus&sapien=tortor&arcu=duis&sed=mattis&augue=egestas&aliquam=metus&erat=aenean&volutpat=fermentum&in=donec&congue=ut,article,One Hundred Years of Solitude,Penguin Random House,6/9/2006,Comedy|Drama,1289,5029,897423928-0
46,Networked reciprocal process improvement,Berke Grebner,http://tripadvisor.com/bibendum/imperdiet/nullam/orci.xml?interdum=primis&eu=in&tincidunt=faucibus&in=orci&leo=luctus&maecenas=et&pulvinar=ultrices&lobortis=posuere&est=cubilia&phasellus=curae&sit=mauris&amet=viverra&erat=diam&nulla=vitae&tempus=quam&vivamus=suspendisse&in=potenti&felis=nullam&eu=porttitor&sapien=lacus&cursus=at&vestibulum=turpis&proin=donec&eu=posuere&mi=metus&nulla=vitae&ac=ipsum&enim=aliquam&in=non&tempor=mauris&turpis=morbi&nec=non&euismod=lectus&scelerisque=aliquam&quam=sit&turpis=amet&adipiscing=diam&lorem=in&vitae=magna&mattis=bibendum&nibh=imperdiet&ligula=nullam&nec=orci&sem=pede&duis=venenatis&aliquam=non&convallis=sodales&nunc=sed&proin=tincidunt&at=eu&turpis=felis&a=fusce&pede=posuere&posuere=felis&nonummy=sed&integer=lacus&non=morbi&velit=sem&donec=mauris&diam=laoreet&neque=ut&vestibulum=rhoncus&eget=aliquet&vulputate=pulvinar,novel,The Alchemist,HarperCollins,2/13/1998,Drama|Musical|Romance,220,7654,331914645-9
120,Right-sized transitional standardization,Jammie Flinders,http://nyu.edu/ut/rhoncus/aliquet/pulvinar.png?gravida=tellus&nisi=nulla&at=ut&nibh=erat&in=id&hac=mauris&habitasse=vulputate&platea=elementum&dictumst=nullam&aliquam=varius&augue=nulla&quam=facilisi&sollicitudin=cras&vitae=non&consectetuer=velit&eget=nec&rutrum=nisi&at=vulputate&lorem=nonummy&integer=maecenas&tincidunt=tincidunt&ante=lacus&vel=at&ipsum=velit&praesent=vivamus&blandit=vel&lacinia=nulla&erat=eget&vestibulum=eros&sed=elementum&magna=pellentesque&at=quisque&nunc=porta&commodo=volutpat&placerat=erat&praesent=quisque&blandit=erat&nam=eros&nulla=viverra&integer=eget&pede=congue&justo=eget&lacinia=semper&eget=rutrum&tincidunt=nulla&eget=nunc&tempus=purus&vel=phasellus&pede=in&morbi=felis&porttitor=donec&lorem=semper&id=sapien&ligula=a&suspendisse=libero&ornare=nam&consequat=dui&lectus=proin&in=leo&est=odio&risus=porttitor&auctor=id&sed=consequat&tristique=in&in=consequat&tempus=ut&sit=nulla&amet=sed&sem=accumsan&fusce=felis&consequat=ut&nulla=at&nisl=dolor&nunc=quis&nisl=odio&duis=consequat&bibendum=varius&felis=integer&sed=ac&interdum=leo&venenatis=pellentesque&turpis=ultrices&enim=mattis&blandit=odio&mi=donec&in=vitae&porttitor=nisi&pede=nam&justo=ultrices,poem,Moby Dick,Hachette Book Group,10/2/1997,Drama,1204,10537,924035526-X
89,Fundamental bifurcated methodology,Ree Vasilchikov,https://friendfeed.com/feugiat/et/eros/vestibulum/ac/est/lacinia.jsp?felis=a&donec=odio&semper=in&sapien=hac&a=habitasse&libero=platea&nam=dictumst&dui=maecenas&proin=ut&leo=massa&odio=quis&porttitor=augue&id=luctus&consequat=tincidunt&in=nulla&consequat=mollis&ut=molestie&nulla=lorem&sed=quisque&accumsan=ut&felis=erat&ut=curabitur&at=gravida&dolor=nisi&quis=at&odio=nibh&consequat=in&varius=hac&integer=habitasse&ac=platea&leo=dictumst&pellentesque=aliquam&ultrices=augue&mattis=quam&odio=sollicitudin&donec=vitae&vitae=consectetuer&nisi=eget&nam=rutrum&ultrices=at&libero=lorem&non=integer&mattis=tincidunt&pulvinar=ante&nulla=vel&pede=ipsum&ullamcorper=praesent&augue=blandit&a=lacinia&suscipit=erat&nulla=vestibulum&elit=sed&ac=magna&nulla=at&sed=nunc&vel=commodo&enim=placerat&sit=praesent&amet=blandit&nunc=nam&viverra=nulla&dapibus=integer&nulla=pede&suscipit=justo&ligula=lacinia&in=eget,poem,The Alchemist,Penguin Random House,11/9/1991,Documentary,1193,14760,394305285-0
50,Exclusive global matrix,Ferrel Quarrington,http://rambler.ru/vel/augue/vestibulum/rutrum/rutrum/neque/aenean.html?amet=viverra&diam=diam&in=vitae&magna=quam&bibendum=suspendisse&imperdiet=potenti&nullam=nullam&orci=porttitor&pede=lacus&venenatis=at&non=turpis&sodales=donec&sed=posuere&tincidunt=metus&eu=vitae&felis=ipsum&fusce=aliquam&posuere=non&felis=mauris&sed=morbi&lacus=non&morbi=lectus&sem=aliquam&mauris=sit&laoreet=amet&ut=diam&rhoncus=in&aliquet=magna&pulvinar=bibendum&sed=imperdiet&nisl=nullam&nunc=orci&rhoncus=pede&dui=venenatis&vel=non&sem=sodales&sed=sed&sagittis=tincidunt&nam=eu&congue=felis&risus=fusce&semper=posuere&porta=felis&volutpat=sed&quam=lacus&pede=morbi&lobortis=sem&ligula=mauris&sit=laoreet&amet=ut&eleifend=rhoncus&pede=aliquet&libero=pulvinar&quis=sed&orci=nisl&nullam=nunc&molestie=rhoncus&nibh=dui&in=vel&lectus=sem&pellentesque=sed&at=sagittis,article,Harry Potter and the Sorcerer's Stone,Simon & Schuster,1/31/2015,Animation,122,3815,422374448-8
48,Managed fault-tolerant methodology,Nat Domeney,http://fc2.com/amet/eleifend/pede/libero.json?ante=quisque&nulla=id&justo=justo&aliquam=sit&quis=amet&turpis=sapien&eget=dignissim&elit=vestibulum,book,Catch-22,Penguin Random House,4/5/1998,Adventure|Drama|Romance,711,12829,756326229-6
119,Total mission-critical internet solution,Lettie Gauthorpp,http://so-net.ne.jp/molestie/hendrerit/at/vulputate/vitae.jpg?massa=est&donec=lacinia&dapibus=nisi&duis=venenatis&at=tristique&velit=fusce&eu=congue&est=diam&congue=id&elementum=ornare&in=imperdiet&hac=sapien&habitasse=urna&platea=pretium&dictumst=nisl&morbi=ut&vestibulum=volutpat&velit=sapien&id=arcu&pretium=sed&iaculis=augue&diam=aliquam&erat=erat&fermentum=volutpat&justo=in&nec=congue&condimentum=etiam&neque=justo&sapien=etiam&placerat=pretium&ante=iaculis&nulla=justo&justo=in&aliquam=hac&quis=habitasse&turpis=platea&eget=dictumst&elit=etiam&sodales=faucibus&scelerisque=cursus&mauris=urna&sit=ut&amet=tellus&eros=nulla&suspendisse=ut&accumsan=erat&tortor=id&quis=mauris&turpis=vulputate&sed=elementum&ante=nullam&vivamus=varius&tortor=nulla&duis=facilisi&mattis=cras&egestas=non&metus=velit&aenean=nec&fermentum=nisi&donec=vulputate&ut=nonummy&mauris=maecenas&eget=tincidunt&massa=lacus&tempor=at&convallis=velit&nulla=vivamus&neque=vel&libero=nulla&convallis=eget&eget=eros&eleifend=elementum&luctus=pellentesque&ultricies=quisque&eu=porta&nibh=volutpat,essay,The Brothers Karamazov,Macmillan,12/5/2023,Adventure|Fantasy,847,14910,369751728-7
115,Monitored methodical customer loyalty,Rees McCorry,http://shop-pro.jp/accumsan/tortor.jpg?risus=felis&auctor=fusce&sed=posuere&tristique=felis&in=sed&tempus=lacus&sit=morbi&amet=sem&sem=mauris&fusce=laoreet&consequat=ut&nulla=rhoncus&nisl=aliquet&nunc=pulvinar&nisl=sed&duis=nisl&bibendum=nunc&felis=rhoncus&sed=dui&interdum=vel&venenatis=sem&turpis=sed&enim=sagittis&blandit=nam&mi=congue&in=risus&porttitor=semper&pede=porta&justo=volutpat&eu=quam&massa=pede&donec=lobortis&dapibus=ligula&duis=sit&at=amet&velit=eleifend&eu=pede&est=libero&congue=quis&elementum=orci&in=nullam&hac=molestie&habitasse=nibh,book,The Adventures of Huckleberry Finn,Simon & Schuster,12/24/2011,Children|Comedy|Fantasy,400,2372,548934464-4
67,Fundamental high-level application,Loise Bromige,http://wisc.edu/ante.aspx?faucibus=tristique&orci=fusce&luctus=congue&et=diam&ultrices=id&posuere=ornare&cubilia=imperdiet&curae=sapien&mauris=urna&viverra=pretium&diam=nisl&vitae=ut&quam=volutpat&suspendisse=sapien&potenti=arcu&nullam=sed&porttitor=augue&lacus=aliquam&at=erat&turpis=volutpat&donec=in&posuere=congue&metus=etiam&vitae=justo&ipsum=etiam&aliquam=pretium&non=iaculis&mauris=justo&morbi=in&non=hac&lectus=habitasse&aliquam=platea&sit=dictumst&amet=etiam&diam=faucibus&in=cursus&magna=urna&bibendum=ut&imperdiet=tellus&nullam=nulla&orci=ut&pede=erat&venenatis=id&non=mauris&sodales=vulputate&sed=elementum&tincidunt=nullam&eu=varius,article,Jane Eyre,Penguin Random House,9/17/2017,Drama|Film-Noir|Romance,335,14101,465130336-6
2,Re-contextualized coherent strategy,Jobyna Adame,https://joomla.org/tincidunt/nulla.jsp?turpis=sit&integer=amet&aliquet=consectetuer&massa=adipiscing&id=elit&lobortis=proin&convallis=risus&tortor=praesent&risus=lectus&dapibus=vestibulum&augue=quam&vel=sapien&accumsan=varius&tellus=ut&nisi=blandit&eu=non&orci=interdum&mauris=in&lacinia=ante&sapien=vestibulum&quis=ante&libero=ipsum&nullam=primis&sit=in&amet=faucibus&turpis=orci&elementum=luctus&ligula=et&vehicula=ultrices&consequat=posuere&morbi=cubilia&a=curae&ipsum=duis&integer=faucibus&a=accumsan&nibh=odio&in=curabitur&quis=convallis&justo=duis&maecenas=consequat&rhoncus=dui&aliquam=nec&lacus=nisi&morbi=volutpat&quis=eleifend&tortor=donec&id=ut&nulla=dolor&ultrices=morbi&aliquet=vel&maecenas=lectus&leo=in&odio=quam&condimentum=fringilla&id=rhoncus&luctus=mauris&nec=enim&molestie=leo&sed=rhoncus&justo=sed&pellentesque=vestibulum&viverra=sit&pede=amet&ac=cursus&diam=id&cras=turpis&pellentesque=integer&volutpat=aliquet,book,The Book Thief,Macmillan,7/16/2020,Horror|Thriller,506,7437,589778759-X
52,Progressive 5th generation matrices,Aggi Kyttor,http://friendfeed.com/vestibulum/ante/ipsum/primis.xml?a=sed&odio=lacus&in=morbi&hac=sem&habitasse=mauris&platea=laoreet&dictumst=ut&maecenas=rhoncus&ut=aliquet&massa=pulvinar&quis=sed&augue=nisl&luctus=nunc&tincidunt=rhoncus&nulla=dui&mollis=vel&molestie=sem&lorem=sed&quisque=sagittis&ut=nam&erat=congue&curabitur=risus&gravida=semper&nisi=porta&at=volutpat,poem,To Kill a Mockingbird,Hachette Book Group,4/29/2020,Horror|Thriller,1151,1836,442061015-8
111,Synergistic zero administration definition,Carena Everal,http://github.com/nulla/facilisi.json?dui=proin&vel=at&nisl=turpis&duis=a&ac=pede&nibh=posuere&fusce=nonummy&lacus=integer&purus=non&aliquet=velit&at=donec&feugiat=diam&non=neque&pretium=vestibulum&quis=eget&lectus=vulputate&suspendisse=ut&potenti=ultrices&in=vel&eleifend=augue&quam=vestibulum&a=ante&odio=ipsum&in=primis&hac=in&habitasse=faucibus&platea=orci&dictumst=luctus&maecenas=et&ut=ultrices&massa=posuere&quis=cubilia&augue=curae&luctus=donec&tincidunt=pharetra&nulla=magna&mollis=vestibulum&molestie=aliquet&lorem=ultrices&quisque=erat&ut=tortor&erat=sollicitudin&curabitur=mi&gravida=sit&nisi=amet&at=lobortis&nibh=sapien&in=sapien&hac=non&habitasse=mi&platea=integer&dictumst=ac&aliquam=neque&augue=duis&quam=bibendum&sollicitudin=morbi&vitae=non&consectetuer=quam&eget=nec&rutrum=dui&at=luctus&lorem=rutrum&integer=nulla&tincidunt=tellus&ante=in&vel=sagittis&ipsum=dui&praesent=vel&blandit=nisl&lacinia=duis&erat=ac&vestibulum=nibh&sed=fusce&magna=lacus&at=purus&nunc=aliquet&commodo=at&placerat=feugiat&praesent=non&blandit=pretium&nam=quis,essay,The Book Thief,Penguin Random House,3/1/2020,Comedy|Horror,907,8683,005182439-6
84,Triple-buffered foreground throughput,Petunia Bradbrook,http://spiegel.de/tristique/in/tempus/sit.js?iaculis=molestie&congue=sed,novel,The Scarlet Letter,Hachette Book Group,7/9/2016,Drama|Romance|Thriller,972,14440,836135083-7
9,De-engineered zero tolerance hierarchy,Ada Waterhous,http://oracle.com/amet/sem/fusce/consequat/nulla/nisl.jpg?ultrices=metus&aliquet=sapien&maecenas=ut&leo=nunc&odio=vestibulum&condimentum=ante&id=ipsum&luctus=primis&nec=in&molestie=faucibus&sed=orci&justo=luctus&pellentesque=et&viverra=ultrices&pede=posuere&ac=cubilia&diam=curae&cras=mauris&pellentesque=viverra&volutpat=diam&dui=vitae&maecenas=quam&tristique=suspendisse&est=potenti&et=nullam&tempus=porttitor&semper=lacus&est=at&quam=turpis&pharetra=donec&magna=posuere&ac=metus&consequat=vitae&metus=ipsum&sapien=aliquam&ut=non&nunc=mauris&vestibulum=morbi&ante=non&ipsum=lectus&primis=aliquam&in=sit&faucibus=amet&orci=diam&luctus=in&et=magna&ultrices=bibendum&posuere=imperdiet&cubilia=nullam&curae=orci&mauris=pede&viverra=venenatis&diam=non&vitae=sodales&quam=sed&suspendisse=tincidunt&potenti=eu&nullam=felis&porttitor=fusce&lacus=posuere&at=felis&turpis=sed&donec=lacus&posuere=morbi&metus=sem&vitae=mauris&ipsum=laoreet&aliquam=ut&non=rhoncus&mauris=aliquet&morbi=pulvinar&non=sed&lectus=nisl&aliquam=nunc,essay,Lord of the Flies,HarperCollins,3/20/2008,Action|Drama,510,11764,725249477-2
81,Re-contextualized demand-driven groupware,Olly Pharrow,https://jugem.jp/ut/nunc/vestibulum/ante/ipsum/primis.aspx?donec=malesuada&quis=in&orci=imperdiet&eget=et&orci=commodo&vehicula=vulputate&condimentum=justo&curabitur=in&in=blandit&libero=ultrices&ut=enim&massa=lorem&volutpat=ipsum&convallis=dolor&morbi=sit&odio=amet&odio=consectetuer&elementum=adipiscing&eu=elit&interdum=proin&eu=interdum&tincidunt=mauris&in=non&leo=ligula&maecenas=pellentesque&pulvinar=ultrices&lobortis=phasellus&est=id&phasellus=sapien&sit=in&amet=sapien&erat=iaculis&nulla=congue&tempus=vivamus&vivamus=metus&in=arcu&felis=adipiscing&eu=molestie&sapien=hendrerit&cursus=at&vestibulum=vulputate&proin=vitae&eu=nisl&mi=aenean&nulla=lectus&ac=pellentesque&enim=eget&in=nunc&tempor=donec&turpis=quis&nec=orci&euismod=eget&scelerisque=orci&quam=vehicula&turpis=condimentum&adipiscing=curabitur,article,The Fault in Our Stars,Macmillan,10/2/2023,Comedy|Romance,390,2605,309979702-2
51,Mandatory client-driven initiative,Armand Fallis,http://mapy.cz/consequat/ut/nulla.html?sem=fusce&fusce=lacus&consequat=purus&nulla=aliquet&nisl=at&nunc=feugiat&nisl=non&duis=pretium&bibendum=quis&felis=lectus&sed=suspendisse&interdum=potenti&venenatis=in&turpis=eleifend&enim=quam&blandit=a&mi=odio&in=in&porttitor=hac&pede=habitasse&justo=platea&eu=dictumst&massa=maecenas&donec=ut&dapibus=massa&duis=quis&at=augue&velit=luctus&eu=tincidunt&est=nulla&congue=mollis&elementum=molestie&in=lorem&hac=quisque&habitasse=ut&platea=erat&dictumst=curabitur&morbi=gravida&vestibulum=nisi&velit=at&id=nibh&pretium=in&iaculis=hac&diam=habitasse&erat=platea&fermentum=dictumst&justo=aliquam&nec=augue&condimentum=quam&neque=sollicitudin&sapien=vitae&placerat=consectetuer&ante=eget&nulla=rutrum&justo=at&aliquam=lorem&quis=integer&turpis=tincidunt&eget=ante&elit=vel&sodales=ipsum&scelerisque=praesent&mauris=blandit&sit=lacinia&amet=erat&eros=vestibulum&suspendisse=sed&accumsan=magna&tortor=at&quis=nunc&turpis=commodo&sed=placerat&ante=praesent&vivamus=blandit&tortor=nam&duis=nulla&mattis=integer&egestas=pede&metus=justo&aenean=lacinia&fermentum=eget&donec=tincidunt&ut=eget&mauris=tempus&eget=vel&massa=pede&tempor=morbi&convallis=porttitor&nulla=lorem&neque=id&libero=ligula&convallis=suspendisse&eget=ornare&eleifend=consequat&luctus=lectus,essay,The Help,Simon & Schuster,4/14/2019,Comedy|Romance|Sci-Fi|Thriller,1270,13789,997161241-0
52,Seamless grid-enabled hub,Winston Addis,https://purevolume.com/mauris/eget/massa/tempor/convallis.aspx?ligula=mus&in=vivamus&lacus=vestibulum&curabitur=sagittis&at=sapien&ipsum=cum&ac=sociis&tellus=natoque&semper=penatibus&interdum=et&mauris=magnis&ullamcorper=dis&purus=parturient&sit=montes&amet=nascetur&nulla=ridiculus&quisque=mus&arcu=etiam&libero=vel&rutrum=augue&ac=vestibulum,article,Alice's Adventures in Wonderland,Macmillan,5/13/2003,Action|Drama,1403,2387,127360041-X
51,Monitored executive matrix,Court Brierley,http://engadget.com/vel/pede.xml?pretium=consequat&iaculis=metus&justo=sapien&in=ut&hac=nunc&habitasse=vestibulum&platea=ante&dictumst=ipsum&etiam=primis&faucibus=in&cursus=faucibus&urna=orci&ut=luctus&tellus=et&nulla=ultrices&ut=posuere&erat=cubilia&id=curae&mauris=mauris&vulputate=viverra&elementum=diam&nullam=vitae&varius=quam&nulla=suspendisse&facilisi=potenti&cras=nullam&non=porttitor&velit=lacus&nec=at&nisi=turpis&vulputate=donec&nonummy=posuere&maecenas=metus&tincidunt=vitae&lacus=ipsum&at=aliquam&velit=non&vivamus=mauris&vel=morbi,poem,1984,Simon & Schuster,1/1/2024,Drama,466,13051,462843831-5
106,Seamless fresh-thinking encryption,Vance Elldred,https://rambler.ru/nec/condimentum/neque/sapien/placerat/ante.jpg?eget=dictumst&vulputate=etiam&ut=faucibus&ultrices=cursus&vel=urna&augue=ut&vestibulum=tellus,book,Slaughterhouse-Five,Simon & Schuster,6/12/1993,Drama,427,3345,959856102-X
82,Networked systemic process improvement,Druci Fritz,https://furl.net/quisque.aspx?curae=sed&donec=nisl&pharetra=nunc&magna=rhoncus&vestibulum=dui&aliquet=vel&ultrices=sem&erat=sed&tortor=sagittis&sollicitudin=nam&mi=congue&sit=risus&amet=semper&lobortis=porta&sapien=volutpat&sapien=quam&non=pede&mi=lobortis&integer=ligula&ac=sit&neque=amet&duis=eleifend&bibendum=pede&morbi=libero&non=quis&quam=orci&nec=nullam&dui=molestie&luctus=nibh&rutrum=in&nulla=lectus&tellus=pellentesque&in=at&sagittis=nulla&dui=suspendisse&vel=potenti&nisl=cras&duis=in&ac=purus&nibh=eu&fusce=magna&lacus=vulputate&purus=luctus&aliquet=cum&at=sociis&feugiat=natoque&non=penatibus&pretium=et&quis=magnis&lectus=dis&suspendisse=parturient&potenti=montes&in=nascetur&eleifend=ridiculus&quam=mus&a=vivamus&odio=vestibulum,essay,The Girl on the Train,Hachette Book Group,3/5/2021,Comedy|Drama,1219,9389,300688143-5
31,Public-key tangible software,Rafa Leeburne,http://si.edu/vel/enim/sit/amet/nunc.html?volutpat=eget&convallis=nunc&morbi=donec&odio=quis&odio=orci&elementum=eget&eu=orci&interdum=vehicula&eu=condimentum&tincidunt=curabitur&in=in&leo=libero&maecenas=ut&pulvinar=massa&lobortis=volutpat&est=convallis&phasellus=morbi&sit=odio&amet=odio&erat=elementum&nulla=eu&tempus=interdum&vivamus=eu&in=tincidunt&felis=in,novel,The Scarlet Letter,Hachette Book Group,10/23/1990,Horror,483,11062,468760474-9
138,Managed upward-trending definition,Charlena Feasey,http://alibaba.com/eget/tempus/vel/pede/morbi/porttitor.aspx?arcu=pellentesque&adipiscing=ultrices&molestie=phasellus&hendrerit=id&at=sapien&vulputate=in&vitae=sapien&nisl=iaculis&aenean=congue&lectus=vivamus&pellentesque=metus&eget=arcu&nunc=adipiscing&donec=molestie&quis=hendrerit&orci=at&eget=vulputate&orci=vitae&vehicula=nisl&condimentum=aenean&curabitur=lectus&in=pellentesque&libero=eget&ut=nunc&massa=donec&volutpat=quis&convallis=orci&morbi=eget&odio=orci&odio=vehicula&elementum=condimentum&eu=curabitur&interdum=in&eu=libero&tincidunt=ut&in=massa&leo=volutpat&maecenas=convallis&pulvinar=morbi&lobortis=odio&est=odio&phasellus=elementum&sit=eu&amet=interdum&erat=eu&nulla=tincidunt&tempus=in&vivamus=leo&in=maecenas&felis=pulvinar&eu=lobortis&sapien=est&cursus=phasellus&vestibulum=sit&proin=amet&eu=erat&mi=nulla&nulla=tempus&ac=vivamus&enim=in&in=felis&tempor=eu&turpis=sapien&nec=cursus&euismod=vestibulum&scelerisque=proin&quam=eu&turpis=mi&adipiscing=nulla&lorem=ac&vitae=enim&mattis=in&nibh=tempor&ligula=turpis&nec=nec,short story,The Road,Macmillan,12/30/1998,Horror,976,11866,380067625-7
100,Innovative well-modulated firmware,Gabbey Rolin,https://bloomberg.com/amet/consectetuer/adipiscing.html?nec=suspendisse&nisi=potenti&volutpat=cras&eleifend=in&donec=purus&ut=eu&dolor=magna&morbi=vulputate&vel=luctus&lectus=cum&in=sociis&quam=natoque&fringilla=penatibus&rhoncus=et&mauris=magnis&enim=dis&leo=parturient&rhoncus=montes&sed=nascetur&vestibulum=ridiculus&sit=mus&amet=vivamus&cursus=vestibulum&id=sagittis&turpis=sapien&integer=cum&aliquet=sociis&massa=natoque&id=penatibus&lobortis=et&convallis=magnis&tortor=dis&risus=parturient&dapibus=montes&augue=nascetur&vel=ridiculus&accumsan=mus&tellus=etiam&nisi=vel&eu=augue&orci=vestibulum&mauris=rutrum&lacinia=rutrum&sapien=neque&quis=aenean&libero=auctor&nullam=gravida&sit=sem&amet=praesent&turpis=id&elementum=massa&ligula=id&vehicula=nisl&consequat=venenatis&morbi=lacinia&a=aenean&ipsum=sit&integer=amet&a=justo&nibh=morbi&in=ut&quis=odio&justo=cras&maecenas=mi&rhoncus=pede&aliquam=malesuada&lacus=in&morbi=imperdiet&quis=et,essay,Brave New World,Hachette Book Group,1/4/2005,Adventure|Comedy,226,1181,462881593-3
106,Reduced neutral solution,Nolie Surmeyers,http://opera.com/proin/at/turpis/a.json?purus=est&eu=quam&magna=pharetra&vulputate=magna&luctus=ac&cum=consequat&sociis=metus&natoque=sapien&penatibus=ut&et=nunc&magnis=vestibulum&dis=ante&parturient=ipsum&montes=primis&nascetur=in&ridiculus=faucibus&mus=orci&vivamus=luctus&vestibulum=et&sagittis=ultrices&sapien=posuere&cum=cubilia&sociis=curae&natoque=mauris&penatibus=viverra&et=diam&magnis=vitae&dis=quam&parturient=suspendisse&montes=potenti&nascetur=nullam&ridiculus=porttitor&mus=lacus&etiam=at&vel=turpis&augue=donec&vestibulum=posuere&rutrum=metus&rutrum=vitae&neque=ipsum&aenean=aliquam&auctor=non&gravida=mauris&sem=morbi&praesent=non&id=lectus&massa=aliquam&id=sit&nisl=amet&venenatis=diam&lacinia=in&aenean=magna&sit=bibendum&amet=imperdiet&justo=nullam&morbi=orci&ut=pede&odio=venenatis&cras=non&mi=sodales&pede=sed&malesuada=tincidunt&in=eu&imperdiet=felis&et=fusce&commodo=posuere&vulputate=felis,novel,Dracula,Macmillan,2/7/2001,Drama,394,14233,573953445-3
128,Networked coherent functionalities,Putnam Saull,https://wired.com/non/velit/nec/nisi/vulputate/nonummy.aspx?lorem=turpis&integer=elementum&tincidunt=ligula&ante=vehicula&vel=consequat&ipsum=morbi&praesent=a&blandit=ipsum&lacinia=integer&erat=a&vestibulum=nibh&sed=in&magna=quis&at=justo&nunc=maecenas&commodo=rhoncus&placerat=aliquam&praesent=lacus&blandit=morbi&nam=quis&nulla=tortor&integer=id&pede=nulla&justo=ultrices&lacinia=aliquet&eget=maecenas&tincidunt=leo&eget=odio&tempus=condimentum&vel=id&pede=luctus&morbi=nec&porttitor=molestie&lorem=sed&id=justo&ligula=pellentesque&suspendisse=viverra&ornare=pede&consequat=ac&lectus=diam&in=cras&est=pellentesque&risus=volutpat&auctor=dui&sed=maecenas&tristique=tristique,article,Beloved,HarperCollins,6/9/2007,Animation|Children,810,5513,174117269-1
148,Object-based mission-critical conglomeration,Clayborn Loadsman,http://msu.edu/quam/sollicitudin/vitae.jsp?risus=quam&dapibus=sapien&augue=varius&vel=ut&accumsan=blandit&tellus=non&nisi=interdum&eu=in&orci=ante&mauris=vestibulum&lacinia=ante&sapien=ipsum&quis=primis&libero=in&nullam=faucibus&sit=orci&amet=luctus&turpis=et&elementum=ultrices&ligula=posuere&vehicula=cubilia&consequat=curae&morbi=duis&a=faucibus&ipsum=accumsan&integer=odio&a=curabitur&nibh=convallis&in=duis&quis=consequat&justo=dui&maecenas=nec&rhoncus=nisi&aliquam=volutpat&lacus=eleifend&morbi=donec&quis=ut&tortor=dolor&id=morbi&nulla=vel&ultrices=lectus&aliquet=in&maecenas=quam&leo=fringilla&odio=rhoncus&condimentum=mauris&id=enim&luctus=leo&nec=rhoncus&molestie=sed&sed=vestibulum&justo=sit&pellentesque=amet&viverra=cursus&pede=id&ac=turpis&diam=integer&cras=aliquet&pellentesque=massa&volutpat=id&dui=lobortis&maecenas=convallis&tristique=tortor&est=risus&et=dapibus&tempus=augue&semper=vel&est=accumsan&quam=tellus&pharetra=nisi&magna=eu&ac=orci&consequat=mauris&metus=lacinia&sapien=sapien&ut=quis&nunc=libero&vestibulum=nullam&ante=sit&ipsum=amet&primis=turpis&in=elementum&faucibus=ligula&orci=vehicula&luctus=consequat&et=morbi&ultrices=a,essay,The Bell Jar,HarperCollins,7/12/2023,Comedy|Drama|Musical|Romance,750,9146,709300048-7
74,Down-sized methodical core,Rafaela Formie,http://fema.gov/vestibulum/vestibulum.html?nulla=erat&nisl=volutpat&nunc=in&nisl=congue&duis=etiam&bibendum=justo&felis=etiam&sed=pretium&interdum=iaculis&venenatis=justo&turpis=in&enim=hac&blandit=habitasse&mi=platea&in=dictumst&porttitor=etiam&pede=faucibus&justo=cursus&eu=urna&massa=ut&donec=tellus&dapibus=nulla&duis=ut&at=erat&velit=id&eu=mauris&est=vulputate&congue=elementum&elementum=nullam&in=varius&hac=nulla&habitasse=facilisi&platea=cras&dictumst=non&morbi=velit&vestibulum=nec&velit=nisi&id=vulputate&pretium=nonummy&iaculis=maecenas&diam=tincidunt&erat=lacus&fermentum=at,book,The Picture of Dorian Gray,HarperCollins,3/30/1995,Documentary,262,685,802658716-2
2,Team-oriented dedicated hub,Dave Wesley,https://dedecms.com/at/vulputate/vitae/nisl/aenean/lectus.json?nulla=purus&integer=phasellus&pede=in&justo=felis&lacinia=donec&eget=semper&tincidunt=sapien&eget=a&tempus=libero&vel=nam&pede=dui&morbi=proin&porttitor=leo&lorem=odio&id=porttitor&ligula=id&suspendisse=consequat&ornare=in&consequat=consequat&lectus=ut&in=nulla&est=sed&risus=accumsan&auctor=felis&sed=ut&tristique=at&in=dolor&tempus=quis&sit=odio&amet=consequat&sem=varius&fusce=integer&consequat=ac&nulla=leo&nisl=pellentesque&nunc=ultrices&nisl=mattis&duis=odio&bibendum=donec&felis=vitae,short story,Dracula,Simon & Schuster,3/24/2024,Comedy|Crime|Mystery|Thriller,879,13646,638440274-2
94,Inverse intermediate paradigm,Julianna Endacott,https://arstechnica.com/vestibulum.png?a=sit&feugiat=amet&et=diam&eros=in&vestibulum=magna&ac=bibendum&est=imperdiet&lacinia=nullam&nisi=orci&venenatis=pede&tristique=venenatis&fusce=non&congue=sodales&diam=sed&id=tincidunt&ornare=eu&imperdiet=felis&sapien=fusce&urna=posuere&pretium=felis&nisl=sed&ut=lacus&volutpat=morbi&sapien=sem&arcu=mauris&sed=laoreet&augue=ut&aliquam=rhoncus&erat=aliquet&volutpat=pulvinar&in=sed&congue=nisl&etiam=nunc&justo=rhoncus&etiam=dui&pretium=vel&iaculis=sem&justo=sed&in=sagittis&hac=nam&habitasse=congue&platea=risus&dictumst=semper&etiam=porta&faucibus=volutpat&cursus=quam&urna=pede&ut=lobortis&tellus=ligula&nulla=sit&ut=amet&erat=eleifend&id=pede&mauris=libero&vulputate=quis&elementum=orci&nullam=nullam&varius=molestie&nulla=nibh&facilisi=in&cras=lectus&non=pellentesque&velit=at&nec=nulla&nisi=suspendisse&vulputate=potenti&nonummy=cras&maecenas=in&tincidunt=purus&lacus=eu&at=magna&velit=vulputate&vivamus=luctus&vel=cum&nulla=sociis&eget=natoque&eros=penatibus&elementum=et&pellentesque=magnis&quisque=dis&porta=parturient&volutpat=montes&erat=nascetur&quisque=ridiculus&erat=mus&eros=vivamus&viverra=vestibulum&eget=sagittis&congue=sapien&eget=cum&semper=sociis,novel,1984,HarperCollins,7/15/1993,Comedy|Drama|Romance,1163,5920,348430584-3
36,Balanced multi-tasking process improvement,Lenka Ferney,http://squarespace.com/mollis/molestie/lorem/quisque/ut/erat/curabitur.jsp?non=sit&ligula=amet&pellentesque=cursus&ultrices=id&phasellus=turpis&id=integer&sapien=aliquet&in=massa&sapien=id&iaculis=lobortis&congue=convallis&vivamus=tortor&metus=risus&arcu=dapibus&adipiscing=augue&molestie=vel&hendrerit=accumsan&at=tellus&vulputate=nisi&vitae=eu&nisl=orci&aenean=mauris&lectus=lacinia&pellentesque=sapien&eget=quis&nunc=libero&donec=nullam&quis=sit&orci=amet&eget=turpis&orci=elementum&vehicula=ligula&condimentum=vehicula&curabitur=consequat&in=morbi&libero=a&ut=ipsum&massa=integer&volutpat=a&convallis=nibh&morbi=in&odio=quis&odio=justo&elementum=maecenas&eu=rhoncus,novel,Gone Girl,Penguin Random House,5/18/1994,Documentary,374,2700,373665624-6
119,Re-engineered reciprocal model,Beaufort Suffe,https://istockphoto.com/nisl/duis.js?ipsum=nisi&integer=nam&a=ultrices&nibh=libero&in=non&quis=mattis&justo=pulvinar&maecenas=nulla&rhoncus=pede&aliquam=ullamcorper&lacus=augue&morbi=a&quis=suscipit&tortor=nulla&id=elit&nulla=ac&ultrices=nulla&aliquet=sed&maecenas=vel&leo=enim&odio=sit&condimentum=amet&id=nunc&luctus=viverra&nec=dapibus&molestie=nulla&sed=suscipit&justo=ligula&pellentesque=in&viverra=lacus&pede=curabitur&ac=at&diam=ipsum&cras=ac&pellentesque=tellus&volutpat=semper&dui=interdum&maecenas=mauris&tristique=ullamcorper&est=purus&et=sit&tempus=amet&semper=nulla&est=quisque&quam=arcu&pharetra=libero&magna=rutrum&ac=ac,book,The Girl on the Train,Macmillan,6/30/2022,Comedy|Drama,576,12559,900446356-9
99,Open-architected modular matrix,Nessa Rolin,https://homestead.com/enim/blandit/mi/in/porttitor/pede.js?elementum=diam&in=id&hac=ornare&habitasse=imperdiet&platea=sapien&dictumst=urna&morbi=pretium&vestibulum=nisl&velit=ut&id=volutpat&pretium=sapien&iaculis=arcu&diam=sed&erat=augue&fermentum=aliquam&justo=erat&nec=volutpat&condimentum=in&neque=congue&sapien=etiam&placerat=justo&ante=etiam&nulla=pretium&justo=iaculis&aliquam=justo&quis=in&turpis=hac,short story,The Scarlet Letter,Simon & Schuster,3/5/1999,Documentary,994,4320,705194767-2
20,Down-sized system-worthy website,Juliana Banasiak,https://msn.com/diam/neque/vestibulum/eget/vulputate.xml?nunc=morbi&vestibulum=a&ante=ipsum&ipsum=integer&primis=a&in=nibh&faucibus=in&orci=quis&luctus=justo&et=maecenas&ultrices=rhoncus&posuere=aliquam&cubilia=lacus&curae=morbi&mauris=quis&viverra=tortor&diam=id&vitae=nulla&quam=ultrices&suspendisse=aliquet&potenti=maecenas&nullam=leo&porttitor=odio&lacus=condimentum&at=id&turpis=luctus&donec=nec&posuere=molestie&metus=sed&vitae=justo&ipsum=pellentesque&aliquam=viverra&non=pede&mauris=ac&morbi=diam&non=cras&lectus=pellentesque&aliquam=volutpat&sit=dui&amet=maecenas&diam=tristique&in=est&magna=et&bibendum=tempus&imperdiet=semper&nullam=est&orci=quam&pede=pharetra&venenatis=magna&non=ac&sodales=consequat&sed=metus&tincidunt=sapien&eu=ut&felis=nunc&fusce=vestibulum&posuere=ante&felis=ipsum&sed=primis&lacus=in&morbi=faucibus&sem=orci&mauris=luctus&laoreet=et&ut=ultrices&rhoncus=posuere&aliquet=cubilia&pulvinar=curae&sed=mauris&nisl=viverra&nunc=diam&rhoncus=vitae&dui=quam&vel=suspendisse&sem=potenti&sed=nullam&sagittis=porttitor&nam=lacus&congue=at&risus=turpis&semper=donec&porta=posuere&volutpat=metus&quam=vitae,article,To Kill a Mockingbird,Macmillan,4/4/2007,Action|Drama|War,228,14440,623975327-0
71,Sharable tertiary matrix,Fulvia Mitchall,http://cargocollective.com/praesent/id/massa/id.jpg?felis=diam&sed=erat&lacus=fermentum&morbi=justo&sem=nec&mauris=condimentum&laoreet=neque&ut=sapien&rhoncus=placerat&aliquet=ante&pulvinar=nulla&sed=justo&nisl=aliquam&nunc=quis&rhoncus=turpis&dui=eget&vel=elit&sem=sodales&sed=scelerisque&sagittis=mauris&nam=sit&congue=amet&risus=eros&semper=suspendisse&porta=accumsan&volutpat=tortor&quam=quis&pede=turpis&lobortis=sed,book,The Scarlet Letter,Hachette Book Group,3/7/2012,Adventure|Animation|Children|Fantasy,162,14791,323163030-4
60,Centralized content-based encryption,Wynne Dodson,http://bloglines.com/enim/lorem/ipsum/dolor/sit/amet.png?congue=consequat&elementum=morbi&in=a&hac=ipsum&habitasse=integer&platea=a&dictumst=nibh&morbi=in&vestibulum=quis&velit=justo,poem,Invisible Man,Simon & Schuster,10/4/1997,Comedy|Drama|Romance,358,3431,871475524-6
90,Customer-focused secondary hub,Erinn Bodicam,https://symantec.com/augue.json?orci=rhoncus&luctus=sed&et=vestibulum&ultrices=sit&posuere=amet&cubilia=cursus&curae=id&nulla=turpis&dapibus=integer&dolor=aliquet&vel=massa&est=id&donec=lobortis&odio=convallis&justo=tortor&sollicitudin=risus&ut=dapibus&suscipit=augue&a=vel&feugiat=accumsan&et=tellus&eros=nisi&vestibulum=eu&ac=orci&est=mauris&lacinia=lacinia&nisi=sapien&venenatis=quis&tristique=libero&fusce=nullam&congue=sit&diam=amet&id=turpis&ornare=elementum&imperdiet=ligula&sapien=vehicula&urna=consequat&pretium=morbi&nisl=a&ut=ipsum&volutpat=integer&sapien=a&arcu=nibh&sed=in&augue=quis&aliquam=justo&erat=maecenas&volutpat=rhoncus&in=aliquam&congue=lacus&etiam=morbi&justo=quis&etiam=tortor&pretium=id&iaculis=nulla&justo=ultrices&in=aliquet&hac=maecenas&habitasse=leo&platea=odio&dictumst=condimentum&etiam=id&faucibus=luctus&cursus=nec&urna=molestie,poem,The Girl with the Dragon Tattoo,Simon & Schuster,5/6/2002,Drama,613,4357,924614752-9
17,Cross-group analyzing challenge,Lyon Mattersley,http://yolasite.com/est/lacinia/nisi/venenatis/tristique.jpg?dictumst=nascetur&etiam=ridiculus&faucibus=mus&cursus=etiam&urna=vel&ut=augue&tellus=vestibulum&nulla=rutrum,poem,Don Quixote,HarperCollins,5/2/2002,Action|Comedy|Romance,1397,4423,263647709-8
32,Assimilated bandwidth-monitored application,Alvira Goodright,http://godaddy.com/ipsum/primis/in/faucibus/orci.jpg?nam=ut&nulla=nunc&integer=vestibulum&pede=ante&justo=ipsum&lacinia=primis&eget=in&tincidunt=faucibus&eget=orci,book,Don Quixote,HarperCollins,6/7/2005,Drama|Mystery|Thriller,1172,5972,742350208-1
88,Enterprise-wide bottom-line artificial intelligence,Charleen Iacomettii,http://sourceforge.net/lobortis/ligula/sit/amet/eleifend.xml?eu=nunc&magna=donec&vulputate=quis&luctus=orci&cum=eget&sociis=orci&natoque=vehicula&penatibus=condimentum&et=curabitur&magnis=in&dis=libero&parturient=ut&montes=massa&nascetur=volutpat&ridiculus=convallis&mus=morbi&vivamus=odio&vestibulum=odio&sagittis=elementum&sapien=eu&cum=interdum&sociis=eu&natoque=tincidunt&penatibus=in&et=leo&magnis=maecenas&dis=pulvinar&parturient=lobortis&montes=est&nascetur=phasellus&ridiculus=sit&mus=amet&etiam=erat&vel=nulla&augue=tempus&vestibulum=vivamus&rutrum=in&rutrum=felis,book,The Color Purple,Macmillan,3/29/2006,Comedy,829,513,562895340-7
112,Sharable well-modulated superstructure,Ciel Kienzle,http://cornell.edu/justo/maecenas/rhoncus.xml?vestibulum=ante&ac=vestibulum&est=ante&lacinia=ipsum&nisi=primis&venenatis=in&tristique=faucibus&fusce=orci&congue=luctus&diam=et&id=ultrices&ornare=posuere&imperdiet=cubilia&sapien=curae&urna=duis&pretium=faucibus&nisl=accumsan&ut=odio&volutpat=curabitur&sapien=convallis&arcu=duis&sed=consequat&augue=dui&aliquam=nec&erat=nisi&volutpat=volutpat&in=eleifend&congue=donec&etiam=ut&justo=dolor&etiam=morbi&pretium=vel&iaculis=lectus&justo=in&in=quam&hac=fringilla&habitasse=rhoncus&platea=mauris&dictumst=enim&etiam=leo&faucibus=rhoncus&cursus=sed&urna=vestibulum&ut=sit&tellus=amet&nulla=cursus&ut=id&erat=turpis&id=integer&mauris=aliquet&vulputate=massa&elementum=id&nullam=lobortis&varius=convallis&nulla=tortor&facilisi=risus&cras=dapibus&non=augue&velit=vel&nec=accumsan&nisi=tellus&vulputate=nisi&nonummy=eu&maecenas=orci&tincidunt=mauris&lacus=lacinia&at=sapien&velit=quis&vivamus=libero&vel=nullam&nulla=sit&eget=amet&eros=turpis&elementum=elementum&pellentesque=ligula&quisque=vehicula&porta=consequat&volutpat=morbi&erat=a&quisque=ipsum&erat=integer&eros=a&viverra=nibh&eget=in&congue=quis&eget=justo&semper=maecenas&rutrum=rhoncus&nulla=aliquam&nunc=lacus&purus=morbi&phasellus=quis&in=tortor,short story,Life of Pi,Macmillan,4/24/2019,Comedy|Drama,334,6260,180534830-2
88,Diverse 24/7 capability,Cari Summerlie,http://jigsy.com/a/libero/nam/dui/proin/leo/odio.js?aliquet=risus,poem,Frankenstein,Hachette Book Group,2/7/2014,Action|Adventure|Sci-Fi|Thriller,823,3245,392710098-6
60,Seamless motivating synergy,Ailey Liven,http://independent.co.uk/quam/suspendisse/potenti/nullam.jpg?venenatis=libero&tristique=non&fusce=mattis&congue=pulvinar&diam=nulla&id=pede&ornare=ullamcorper&imperdiet=augue&sapien=a&urna=suscipit&pretium=nulla&nisl=elit&ut=ac&volutpat=nulla&sapien=sed&arcu=vel&sed=enim&augue=sit&aliquam=amet&erat=nunc&volutpat=viverra&in=dapibus&congue=nulla&etiam=suscipit&justo=ligula&etiam=in&pretium=lacus&iaculis=curabitur&justo=at&in=ipsum&hac=ac&habitasse=tellus&platea=semper&dictumst=interdum&etiam=mauris,short story,The Brothers Karamazov,Macmillan,3/17/2016,Horror|Thriller,595,4084,476194049-2
